{"cameraMode":{"drawMode":0,"name":"Shaded","section":"Shading Mode"},"sceneLighting":true,"audioPlay":false,"sceneViewState":{"m_AlwaysRefresh":false,"showFog":true,"showSkybox":true,"showFlares":true,"showImageEffects":true,"showParticleSystems":true,"showVisualEffectGraphs":true,"m_FxEnabled":true},"in2DMode":false,"pivot":{"x":-0.8684563636779785,"y":-0.26117753982543948,"z":-0.052622318267822269},"rotation":{"x":-0.18287228047847749,"y":0.8136272430419922,"z":-0.34622859954833987,"w":-0.4298360049724579},"size":3.1635921001434328,"orthographic":false}