{"cameraMode":{"drawMode":0,"name":"Shaded","section":"Shading Mode"},"sceneLighting":true,"audioPlay":false,"sceneViewState":{"m_AlwaysRefresh":false,"showFog":true,"showSkybox":true,"showFlares":true,"showImageEffects":true,"showParticleSystems":true,"showVisualEffectGraphs":true,"m_FxEnabled":true},"in2DMode":false,"pivot":{"x":-2.1083178520202638,"y":-0.033678293228149417,"z":0.287455677986145},"rotation":{"x":-0.13951697945594788,"y":-0.6464311480522156,"z":0.12184927612543106,"w":-0.7401580214500427},"size":4.1442975997924809,"orthographic":false}