{"cameraMode":{"drawMode":0,"name":"Shaded","section":"Shading Mode"},"sceneLighting":true,"audioPlay":false,"sceneViewState":{"m_AlwaysRefresh":false,"showFog":true,"showSkybox":true,"showFlares":true,"showImageEffects":true,"showParticleSystems":true,"showVisualEffectGraphs":true,"m_FxEnabled":true},"in2DMode":false,"pivot":{"x":0.8110225200653076,"y":0.4815467596054077,"z":1.0936498641967774},"rotation":{"x":-0.09677859395742417,"y":0.8774808049201965,"z":-0.19973506033420564,"w":-0.42517057061195376},"size":1.8975385427474976,"orthographic":false}