{"cameraMode":{"drawMode":0,"name":"Shaded","section":"Shading Mode"},"sceneLighting":true,"audioPlay":false,"sceneViewState":{"m_AlwaysRefresh":false,"showFog":true,"showSkybox":true,"showFlares":true,"showImageEffects":true,"showParticleSystems":true,"showVisualEffectGraphs":true,"m_FxEnabled":true},"in2DMode":false,"pivot":{"x":-0.5916714668273926,"y":-0.20403194427490235,"z":-0.31882596015930178},"rotation":{"x":-0.09684807807207108,"y":0.8886706829071045,"z":-0.2205924391746521,"w":-0.3901585638523102},"size":4.150815010070801,"orthographic":false}