{"cameraMode":{"drawMode":0,"name":"Shaded","section":"Shading Mode"},"sceneLighting":true,"audioPlay":false,"sceneViewState":{"m_AlwaysRefresh":false,"showFog":true,"showSkybox":true,"showFlares":true,"showImageEffects":true,"showParticleSystems":true,"showVisualEffectGraphs":true,"m_FxEnabled":true},"in2DMode":false,"pivot":{"x":0.31070590019226076,"y":1.0930354595184327,"z":1.188915491104126},"rotation":{"x":-0.11728443950414658,"y":0.7643948197364807,"z":-0.14527294039726258,"w":-0.6171255111694336},"size":1.6281158924102784,"orthographic":false}